"old_guid","old_path","usage_role","usage_count","tilemaps","region","new_path","new_sprite","cells"
"9fc8647fedd9b054798f9279a5b57785","Assets/mapa luiza/Dependencias/Pixel Crawler - Free Pack 2.11/Pixel Crawler - Free Pack/Environment/Structures/Buildings/Interior/gentle forest v03_4.asset","vegetacao e detalhe","0","","sem celulas ativas","Assets/mapa luiza/GardenReplacementTiles/LuizaGarden_004.asset","D2_GardenReplacement_44",""
"bb52ff4403720db4fa673fd490125d22","Assets/mapa luiza/Dependencias/Pixel Crawler - Free Pack 2.11/Pixel Crawler - Free Pack/Environment/Structures/Buildings/Interior/gentle forest v03_5.asset","vegetacao e detalhe","1","Tilemap (1)","Jardim Luiza, x=61..61, y=-41..-41","Assets/mapa luiza/GardenReplacementTiles/LuizaGarden_005.asset","D2_GardenReplacement_35","Tilemap (1)@61:-41"
"968ab6e82fc457041aa96300ec49973f","Assets/mapa luiza/Dependencias/Pixel Crawler - Free Pack 2.11/Pixel Crawler - Free Pack/Environment/Structures/Buildings/Interior/gentle forest v03_8.asset","vegetacao e detalhe","5","Tilemap (3);Tilemap (4);Tilemap (8)","Jardim Luiza, x=42..68, y=-52..-42","Assets/mapa luiza/GardenReplacementTiles/LuizaGarden_008.asset","D2_GardenReplacement_40","Tilemap (3)@50:-43;Tilemap (3)@61:-42;Tilemap (4)@42:-52;Tilemap (4)@50:-43;Tilemap (8)@68:-42"
"c8c5382c884d885438fdd9e4fe610dd8","Assets/mapa luiza/Dependencias/Pixel Crawler - Free Pack 2.11/Pixel Crawler - Free Pack/Environment/Structures/Buildings/Interior/gentle forest v03_9.asset","vegetacao e detalhe","5","Tilemap (3);Tilemap (4);Tilemap (8)","Jardim Luiza, x=43..69, y=-52..-42","Assets/mapa luiza/GardenReplacementTiles/LuizaGarden_009.asset","D2_GardenReplacement_47","Tilemap (3)@51:-43;Tilemap (3)@62:-42;Tilemap (4)@43:-52;Tilemap (4)@51:-43;Tilemap (8)@69:-42"
"6b3df4ff36c58c84b8de03e58355bb5d","Assets/mapa luiza/Dependencias/Pixel Crawler - Free Pack 2.11/Pixel Crawler - Free Pack/Environment/Structures/Buildings/Interior/gentle forest v03_10.asset","vegetacao e detalhe","10","Tilemap (1);Tilemap (3)","Jardim Luiza, x=46..64, y=-60..-42","Assets/mapa luiza/GardenReplacementTiles/LuizaGarden_010.asset","D2_GardenReplacement_38","Tilemap (3)@58:-60;Tilemap (3)@63:-52;Tilemap (3)@55:-49;Tilemap (3)@49:-47;Tilemap (3)@64:-46;Tilemap (3)@52:-42;Tilemap (3)@53:-42;Tilemap (1)@47:-59;Tilemap (1)@48:-59;Tilemap (1)@46:-58"
"97e18f4bf597eef4d8aafd933ab05d12","Assets/mapa luiza/Dependencias/Pixel Crawler - Free Pack 2.11/Pixel Crawler - Free Pack/Environment/Structures/Buildings/Interior/gentle forest v03_11.asset","vegetacao e detalhe","9","Tilemap (3);Tilemap (4);Tilemap (5);Tilemap (8)","Jardim Luiza, x=42..69, y=-55..-38","Assets/mapa luiza/GardenReplacementTiles/LuizaGarden_011.asset","D2_GardenReplacement_45","Tilemap (3)@48:-55;Tilemap (3)@65:-54;Tilemap (3)@68:-51;Tilemap (3)@69:-44;Tilemap (4)@47:-38;Tilemap (8)@43:-53;Tilemap (8)@42:-46;Tilemap (8)@65:-38;Tilemap (5)@44:-41"
"9c566fef17b61084580bdbc0468f826b","Assets/mapa luiza/Dependencias/Pixel Crawler - Free Pack 2.11/Pixel Crawler - Free Pack/Environment/Structures/Buildings/Interior/gentle forest v03_12.asset","vegetacao e detalhe","10","Tilemap (3);Tilemap (4);Tilemap (5);Tilemap (8)","Jardim Luiza, x=43..70, y=-55..-38","Assets/mapa luiza/GardenReplacementTiles/LuizaGarden_012.asset","D2_GardenReplacement_36","Tilemap (3)@49:-55;Tilemap (3)@66:-54;Tilemap (3)@69:-51;Tilemap (3)@70:-45;Tilemap (3)@70:-44;Tilemap (4)@48:-38;Tilemap (8)@44:-53;Tilemap (8)@43:-46;Tilemap (8)@66:-38;Tilemap (5)@45:-41"
"9bf29a6fc4bc96342ab0ce851a2b5246","Assets/mapa luiza/Dependencias/Pixel Crawler - Free Pack 2.11/Pixel Crawler - Free Pack/Environment/Structures/Buildings/Interior/gentle forest v03_13.asset","vegetacao e detalhe","9","Tilemap (3);Tilemap (5);Tilemap (8)","Jardim Luiza, x=44..71, y=-55..-38","Assets/mapa luiza/GardenReplacementTiles/LuizaGarden_013.asset","D2_GardenReplacement_43","Tilemap (3)@50:-55;Tilemap (3)@67:-54;Tilemap (3)@70:-51;Tilemap (3)@71:-44;Tilemap (8)@45:-53;Tilemap (8)@44:-46;Tilemap (8)@49:-38;Tilemap (8)@67:-38;Tilemap (5)@46:-41"
"fc99bf89f3d5f9b41a1dcc090e5a5bb0","Assets/mapa luiza/Dependencias/Pixel Crawler - Free Pack 2.11/Pixel Crawler - Free Pack/Environment/Structures/Buildings/Interior/gentle forest v03_15.asset","vegetacao e detalhe","2","Tilemap (1)","Jardim Luiza, x=52..65, y=-42..-41","Assets/mapa luiza/GardenReplacementTiles/LuizaGarden_015.asset","D2_GardenReplacement_41","Tilemap (1)@65:-42;Tilemap (1)@52:-41"
"58957ff05ab8425409a7b1bf2c468a93","Assets/mapa luiza/Dependencias/Pixel Crawler - Free Pack 2.11/Pixel Crawler - Free Pack/Environment/Structures/Buildings/Interior/gentle forest v03_16.asset","vegetacao e detalhe","9","Tilemap (1);Tilemap (3)","Jardim Luiza, x=49..64, y=-43..-42","Assets/mapa luiza/GardenReplacementTiles/LuizaGarden_016.asset","D2_GardenReplacement_32","Tilemap (3)@49:-43;Tilemap (3)@50:-42;Tilemap (3)@51:-42;Tilemap (1)@49:-43;Tilemap (1)@50:-43;Tilemap (1)@50:-42;Tilemap (1)@62:-42;Tilemap (1)@63:-42;Tilemap (1)@64:-42"
"74a1a38bac425fb4a91f603bf81322f7","Assets/mapa luiza/Dependencias/Pixel Crawler - Free Pack 2.11/Pixel Crawler - Free Pack/Environment/Structures/Buildings/Interior/gentle forest v03_18.asset","vegetacao e detalhe","1","Tilemap (1)","Jardim Luiza, x=52..52, y=-42..-42","Assets/mapa luiza/GardenReplacementTiles/LuizaGarden_018.asset","D2_GardenReplacement_46","Tilemap (1)@52:-42"
"f98af2d4e426be745a9148152e57cece","Assets/mapa luiza/Dependencias/Pixel Crawler - Free Pack 2.11/Pixel Crawler - Free Pack/Environment/Structures/Buildings/Interior/gentle forest v03_19.asset","vegetacao e detalhe","1","Tilemap (1)","Jardim Luiza, x=61..61, y=-42..-42","Assets/mapa luiza/GardenReplacementTiles/LuizaGarden_019.asset","D2_GardenReplacement_37","Tilemap (1)@61:-42"
"a263bad14f4d6404491a28d021682901","Assets/mapa luiza/Dependencias/Pixel Crawler - Free Pack 2.11/Pixel Crawler - Free Pack/Environment/Structures/Buildings/Interior/gentle forest v03_22.asset","vegetacao e detalhe","5","Tilemap (3);Tilemap (4);Tilemap (8)","Jardim Luiza, x=42..68, y=-53..-43","Assets/mapa luiza/GardenReplacementTiles/LuizaGarden_022.asset","D2_GardenReplacement_42","Tilemap (3)@50:-44;Tilemap (3)@61:-43;Tilemap (4)@42:-53;Tilemap (4)@50:-44;Tilemap (8)@68:-43"
"c6d802d6d4f76cd4698f0ef1e3252142","Assets/mapa luiza/Dependencias/Pixel Crawler - Free Pack 2.11/Pixel Crawler - Free Pack/Environment/Structures/Buildings/Interior/gentle forest v03_23.asset","vegetacao e detalhe","5","Tilemap (3);Tilemap (4);Tilemap (8)","Jardim Luiza, x=43..69, y=-53..-43","Assets/mapa luiza/GardenReplacementTiles/LuizaGarden_023.asset","D2_GardenReplacement_33","Tilemap (3)@51:-44;Tilemap (3)@62:-43;Tilemap (4)@43:-53;Tilemap (4)@51:-44;Tilemap (8)@69:-43"
"caceaa935d0997e4e92ecf24db7b9b00","Assets/mapa luiza/Dependencias/Pixel Crawler - Free Pack 2.11/Pixel Crawler - Free Pack/Environment/Structures/Buildings/Interior/gentle forest v03_24.asset","vegetacao e detalhe","10","Tilemap (1);Tilemap (3);Tilemap (5)","Jardim Luiza, x=46..68, y=-60..-43","Assets/mapa luiza/GardenReplacementTiles/LuizaGarden_024.asset","D2_GardenReplacement_40","Tilemap (3)@64:-56;Tilemap (3)@65:-44;Tilemap (3)@67:-44;Tilemap (3)@68:-44;Tilemap (5)@46:-58;Tilemap (1)@47:-60;Tilemap (1)@48:-60;Tilemap (1)@46:-59;Tilemap (1)@52:-43;Tilemap (1)@63:-43"
"2984e833050afc94abb973566068722b","Assets/mapa luiza/Dependencias/Pixel Crawler - Free Pack 2.11/Pixel Crawler - Free Pack/Environment/Structures/Buildings/Interior/gentle forest v03_25.asset","vegetacao e detalhe","9","Tilemap (3);Tilemap (4);Tilemap (5);Tilemap (8)","Jardim Luiza, x=41..68, y=-56..-39","Assets/mapa luiza/GardenReplacementTiles/LuizaGarden_025.asset","D2_GardenReplacement_47","Tilemap (3)@47:-56;Tilemap (3)@64:-55;Tilemap (3)@67:-52;Tilemap (3)@68:-45;Tilemap (4)@46:-39;Tilemap (8)@42:-54;Tilemap (8)@41:-47;Tilemap (8)@64:-39;Tilemap (5)@43:-42"
"176d34222dae3314783ff53f71581b2b","Assets/mapa luiza/Dependencias/Pixel Crawler - Free Pack 2.11/Pixel Crawler - Free Pack/Environment/Structures/Buildings/Interior/gentle forest v03_26.asset","vegetacao e detalhe","11","Tilemap (3);Tilemap (4);Tilemap (8)","Jardim Luiza, x=42..71, y=-56..-39","Assets/mapa luiza/GardenReplacementTiles/LuizaGarden_026.asset","D2_GardenReplacement_38","Tilemap (3)@48:-56;Tilemap (3)@65:-56;Tilemap (3)@65:-55;Tilemap (3)@68:-52;Tilemap (3)@71:-46;Tilemap (4)@46:-40;Tilemap (4)@47:-40;Tilemap (4)@48:-40;Tilemap (8)@43:-54;Tilemap (8)@42:-47;Tilemap (8)@65:-39"
"d5b4588875294af4aa76d245ed673cbe","Assets/mapa luiza/Dependencias/Pixel Crawler - Free Pack 2.11/Pixel Crawler - Free Pack/Environment/Structures/Buildings/Interior/gentle forest v03_27.asset","vegetacao e detalhe","10","Tilemap (3);Tilemap (4);Tilemap (8)","Jardim Luiza, x=43..70, y=-56..-39","Assets/mapa luiza/GardenReplacementTiles/LuizaGarden_027.asset","D2_GardenReplacement_45","Tilemap (3)@49:-56;Tilemap (3)@66:-56;Tilemap (3)@66:-55;Tilemap (3)@69:-52;Tilemap (3)@68:-46;Tilemap (3)@70:-46;Tilemap (4)@47:-39;Tilemap (8)@44:-54;Tilemap (8)@43:-47;Tilemap (8)@66:-39"
"6fc0bba02aef30349ab6e4da421f21dd","Assets/mapa luiza/Dependencias/Pixel Crawler - Free Pack 2.11/Pixel Crawler - Free Pack/Environment/Structures/Buildings/Interior/gentle forest v03_28.asset","vegetacao e detalhe","14","Tilemap (3);Tilemap (4);Tilemap (8)","Jardim Luiza, x=44..72, y=-56..-39","Assets/mapa luiza/GardenReplacementTiles/LuizaGarden_028.asset","D2_GardenReplacement_36","Tilemap (3)@50:-56;Tilemap (3)@67:-56;Tilemap (3)@67:-55;Tilemap (3)@70:-53;Tilemap (3)@70:-52;Tilemap (3)@69:-46;Tilemap (3)@72:-46;Tilemap (3)@69:-45;Tilemap (3)@71:-45;Tilemap (4)@48:-39;Tilemap (8)@45:-54;Tilemap (8)@44:-47;Tilemap (8)@49:-40;Tilemap (8)@67:-39"
"3198eda84649bfc46a4ebd37edbb181b","Assets/mapa luiza/Dependencias/Pixel Crawler - Free Pack 2.11/Pixel Crawler - Free Pack/Environment/Structures/Buildings/Interior/gentle forest v03_29.asset","vegetacao e detalhe","9","Tilemap (3);Tilemap (5);Tilemap (8)","Jardim Luiza, x=45..72, y=-56..-39","Assets/mapa luiza/GardenReplacementTiles/LuizaGarden_029.asset","D2_GardenReplacement_43","Tilemap (3)@51:-56;Tilemap (3)@68:-55;Tilemap (3)@71:-52;Tilemap (3)@72:-45;Tilemap (8)@46:-54;Tilemap (8)@45:-47;Tilemap (8)@50:-39;Tilemap (8)@68:-39;Tilemap (5)@47:-42"
"6bb25aa8474b7d54f92d73182780a5b5","Assets/mapa luiza/Dependencias/Pixel Crawler - Free Pack 2.11/Pixel Crawler - Free Pack/Environment/Structures/Buildings/Interior/gentle forest v03_38.asset","borda e ruina","1","Tilemap (8)","Jardim Luiza, x=44..44, y=-59..-59","Assets/mapa luiza/GardenReplacementTiles/LuizaGarden_038.asset","D2_GardenReplacement_16","Tilemap (8)@44:-59"
"1db97d681aba9aa4ab5c8d7733134a2c","Assets/mapa luiza/Dependencias/Pixel Crawler - Free Pack 2.11/Pixel Crawler - Free Pack/Environment/Structures/Buildings/Interior/gentle forest v03_39.asset","borda e ruina","1","Tilemap (8)","Jardim Luiza, x=45..45, y=-59..-59","Assets/mapa luiza/GardenReplacementTiles/LuizaGarden_039.asset","D2_GardenReplacement_17","Tilemap (8)@45:-59"
"084e158066acc014891821dd7f5d4956","Assets/mapa luiza/Dependencias/Pixel Crawler - Free Pack 2.11/Pixel Crawler - Free Pack/Environment/Structures/Buildings/Interior/gentle forest v03_40.asset","borda e ruina","6","Tilemap (1)","Jardim Luiza, x=46..61, y=-61..-44","Assets/mapa luiza/GardenReplacementTiles/LuizaGarden_040.asset","D2_GardenReplacement_18","Tilemap (1)@61:-61;Tilemap (1)@56:-58;Tilemap (1)@46:-52;Tilemap (1)@58:-52;Tilemap (1)@48:-48;Tilemap (1)@55:-44"
"f4a8efa27e4a8654a89359a9b2a085f9","Assets/mapa luiza/Dependencias/Pixel Crawler - Free Pack 2.11/Pixel Crawler - Free Pack/Environment/Structures/Buildings/Interior/gentle forest v03_41.asset","borda e ruina","12","Tilemap (1);Tilemap (3);Tilemap (4);Tilemap (5);Tilemap (8)","Jardim Luiza, x=41..68, y=-58..-40","Assets/mapa luiza/GardenReplacementTiles/LuizaGarden_041.asset","D2_GardenReplacement_19","Tilemap (3)@47:-58;Tilemap (3)@64:-57;Tilemap (3)@67:-53;Tilemap (3)@68:-47;Tilemap (4)@46:-41;Tilemap (8)@42:-55;Tilemap (8)@41:-48;Tilemap (8)@64:-40;Tilemap (5)@43:-44;Tilemap (5)@43:-43;Tilemap (1)@68:-55;Tilemap (1)@67:-54"
"f5cd5074fb449ca409699406e7f1825d","Assets/mapa luiza/Dependencias/Pixel Crawler - Free Pack 2.11/Pixel Crawler - Free Pack/Environment/Structures/Buildings/Interior/gentle forest v03_42.asset","borda e ruina","12","Tilemap (3);Tilemap (4);Tilemap (5);Tilemap (8)","Jardim Luiza, x=42..69, y=-58..-40","Assets/mapa luiza/GardenReplacementTiles/LuizaGarden_042.asset","D2_GardenReplacement_20","Tilemap (3)@49:-58;Tilemap (3)@47:-57;Tilemap (3)@65:-57;Tilemap (3)@68:-53;Tilemap (3)@69:-47;Tilemap (4)@47:-41;Tilemap (8)@43:-55;Tilemap (8)@42:-48;Tilemap (8)@65:-40;Tilemap (5)@44:-44;Tilemap (5)@44:-43;Tilemap (5)@44:-42"
"4ab821d951aac0044adbbb1319311a18","Assets/mapa luiza/Dependencias/Pixel Crawler - Free Pack 2.11/Pixel Crawler - Free Pack/Environment/Structures/Buildings/Interior/gentle forest v03_43.asset","borda e ruina","14","Tilemap (3);Tilemap (4);Tilemap (5);Tilemap (8)","Jardim Luiza, x=43..70, y=-58..-39","Assets/mapa luiza/GardenReplacementTiles/LuizaGarden_043.asset","D2_GardenReplacement_21","Tilemap (3)@48:-58;Tilemap (3)@48:-57;Tilemap (3)@66:-57;Tilemap (3)@69:-53;Tilemap (3)@70:-47;Tilemap (4)@48:-41;Tilemap (8)@44:-55;Tilemap (8)@43:-48;Tilemap (8)@50:-40;Tilemap (8)@66:-40;Tilemap (8)@49:-39;Tilemap (5)@45:-44;Tilemap (5)@45:-43;Tilemap (5)@45:-42"
"ff4f1d707621b0940aa0965cbc568a3f","Assets/mapa luiza/Dependencias/Pixel Crawler - Free Pack 2.11/Pixel Crawler - Free Pack/Environment/Structures/Buildings/Interior/gentle forest v03_44.asset","borda e ruina","13","Tilemap (3);Tilemap (5);Tilemap (8)","Jardim Luiza, x=44..71, y=-58..-40","Assets/mapa luiza/GardenReplacementTiles/LuizaGarden_044.asset","D2_GardenReplacement_22","Tilemap (3)@50:-58;Tilemap (3)@49:-57;Tilemap (3)@67:-57;Tilemap (3)@71:-54;Tilemap (3)@71:-47;Tilemap (8)@45:-55;Tilemap (8)@44:-48;Tilemap (8)@49:-41;Tilemap (8)@67:-40;Tilemap (5)@46:-44;Tilemap (5)@46:-43;Tilemap (5)@47:-43;Tilemap (5)@46:-42"
"9809a8087dc8def4d9ac49049ca04d02","Assets/mapa luiza/Dependencias/Pixel Crawler - Free Pack 2.11/Pixel Crawler - Free Pack/Environment/Structures/Buildings/Interior/gentle forest v03_45.asset","borda e ruina","12","Tilemap (3);Tilemap (5);Tilemap (8)","Jardim Luiza, x=45..72, y=-58..-40","Assets/mapa luiza/GardenReplacementTiles/LuizaGarden_045.asset","D2_GardenReplacement_23","Tilemap (3)@51:-58;Tilemap (3)@50:-57;Tilemap (3)@51:-57;Tilemap (3)@68:-57;Tilemap (3)@68:-56;Tilemap (3)@71:-53;Tilemap (3)@72:-47;Tilemap (8)@46:-55;Tilemap (8)@45:-48;Tilemap (8)@50:-41;Tilemap (8)@68:-40;Tilemap (5)@47:-44"
"4bef94c73a123514eafeb566455b1e18","Assets/mapa luiza/Dependencias/Pixel Crawler - Free Pack 2.11/Pixel Crawler - Free Pack/Environment/Structures/Buildings/Interior/gentle forest v03_47.asset","borda e ruina","5","Tilemap (1)","Jardim Luiza, x=53..64, y=-43..-41","Assets/mapa luiza/GardenReplacementTiles/LuizaGarden_047.asset","D2_GardenReplacement_25","Tilemap (1)@64:-43;Tilemap (1)@53:-41;Tilemap (1)@55:-41;Tilemap (1)@58:-41;Tilemap (1)@60:-41"
"3ebd400fb3acb634ab1f10550ab45dd6","Assets/mapa luiza/Dependencias/Pixel Crawler - Free Pack 2.11/Pixel Crawler - Free Pack/Environment/Structures/Buildings/Interior/gentle forest v03_48.asset","borda e ruina","4","Tilemap (1)","Jardim Luiza, x=54..59, y=-41..-41","Assets/mapa luiza/GardenReplacementTiles/LuizaGarden_048.asset","D2_GardenReplacement_26","Tilemap (1)@54:-41;Tilemap (1)@56:-41;Tilemap (1)@57:-41;Tilemap (1)@59:-41"
"c1c35ee0aceb88641b4f36e8fbeaf6c0","Assets/mapa luiza/Dependencias/Pixel Crawler - Free Pack 2.11/Pixel Crawler - Free Pack/Environment/Structures/Buildings/Interior/gentle forest v03_50.asset","borda e ruina","1","Tilemap (1)","Jardim Luiza, x=67..67, y=-46..-46","Assets/mapa luiza/GardenReplacementTiles/LuizaGarden_050.asset","D2_GardenReplacement_28","Tilemap (1)@67:-46"
"9bbb8851ab837b644a03a3e47004c3bf","Assets/mapa luiza/Dependencias/Pixel Crawler - Free Pack 2.11/Pixel Crawler - Free Pack/Environment/Structures/Buildings/Interior/gentle forest v03_52.asset","borda e ruina","1","Tilemap (3)","Jardim Luiza, x=63..63, y=-43..-43","Assets/mapa luiza/GardenReplacementTiles/LuizaGarden_052.asset","D2_GardenReplacement_30","Tilemap (3)@63:-43"
"8a87244f101717a499edb44f2cad362c","Assets/mapa luiza/Dependencias/Pixel Crawler - Free Pack 2.11/Pixel Crawler - Free Pack/Environment/Structures/Buildings/Interior/gentle forest v03_53.asset","borda e ruina","1","Tilemap (3)","Jardim Luiza, x=64..64, y=-43..-43","Assets/mapa luiza/GardenReplacementTiles/LuizaGarden_053.asset","D2_GardenReplacement_31","Tilemap (3)@64:-43"
"72a342ebdcaaa2e4692dffde41dad2ae","Assets/mapa luiza/Dependencias/Pixel Crawler - Free Pack 2.11/Pixel Crawler - Free Pack/Environment/Structures/Buildings/Interior/gentle forest v03_54.asset","borda e ruina","1","Tilemap (1)","Jardim Luiza, x=65..65, y=-50..-50","Assets/mapa luiza/GardenReplacementTiles/LuizaGarden_054.asset","D2_GardenReplacement_16","Tilemap (1)@65:-50"
"2fe678b2fe28af24494451774e5c64ae","Assets/mapa luiza/Dependencias/Pixel Crawler - Free Pack 2.11/Pixel Crawler - Free Pack/Environment/Structures/Buildings/Interior/gentle forest v03_55.asset","borda e ruina","1","Tilemap (1)","Jardim Luiza, x=66..66, y=-50..-50","Assets/mapa luiza/GardenReplacementTiles/LuizaGarden_055.asset","D2_GardenReplacement_17","Tilemap (1)@66:-50"
"3b77e62f3c2ce474fada84db9b3f1bc4","Assets/mapa luiza/Dependencias/Pixel Crawler - Free Pack 2.11/Pixel Crawler - Free Pack/Environment/Structures/Buildings/Interior/gentle forest v03_56.asset","borda e ruina","1","Tilemap (1)","Jardim Luiza, x=67..67, y=-50..-50","Assets/mapa luiza/GardenReplacementTiles/LuizaGarden_056.asset","D2_GardenReplacement_18","Tilemap (1)@67:-50"
"209666b9f6b7c414890f9ba456a1daf9","Assets/mapa luiza/Dependencias/Pixel Crawler - Free Pack 2.11/Pixel Crawler - Free Pack/Environment/Structures/Buildings/Interior/gentle forest v03_57.asset","borda e ruina","8","Tilemap (3);Tilemap (4);Tilemap (5);Tilemap (8)","Jardim Luiza, x=41..68, y=-59..-41","Assets/mapa luiza/GardenReplacementTiles/LuizaGarden_057.asset","D2_GardenReplacement_19","Tilemap (3)@47:-59;Tilemap (3)@64:-58;Tilemap (3)@68:-48;Tilemap (4)@46:-42;Tilemap (8)@42:-56;Tilemap (8)@41:-49;Tilemap (8)@64:-41;Tilemap (5)@43:-45"
"a2562161305548c47ad4eb1931ab45b1","Assets/mapa luiza/Dependencias/Pixel Crawler - Free Pack 2.11/Pixel Crawler - Free Pack/Environment/Structures/Buildings/Interior/gentle forest v03_58.asset","borda e ruina","10","Tilemap (1);Tilemap (3);Tilemap (4);Tilemap (5);Tilemap (8)","Jardim Luiza, x=42..69, y=-59..-41","Assets/mapa luiza/GardenReplacementTiles/LuizaGarden_058.asset","D2_GardenReplacement_20","Tilemap (3)@48:-59;Tilemap (3)@65:-58;Tilemap (3)@68:-54;Tilemap (3)@69:-48;Tilemap (4)@47:-42;Tilemap (8)@43:-56;Tilemap (8)@42:-49;Tilemap (8)@65:-41;Tilemap (5)@44:-45;Tilemap (1)@68:-54"
"b8a84f2f20c00da4fbb14fe45fc1bde2","Assets/mapa luiza/Dependencias/Pixel Crawler - Free Pack 2.11/Pixel Crawler - Free Pack/Environment/Structures/Buildings/Interior/gentle forest v03_59.asset","borda e ruina","12","Tilemap (1);Tilemap (3);Tilemap (4);Tilemap (5);Tilemap (8)","Jardim Luiza, x=43..70, y=-59..-41","Assets/mapa luiza/GardenReplacementTiles/LuizaGarden_059.asset","D2_GardenReplacement_21","Tilemap (3)@49:-59;Tilemap (3)@66:-58;Tilemap (3)@69:-55;Tilemap (3)@69:-54;Tilemap (3)@70:-48;Tilemap (4)@45:-45;Tilemap (4)@48:-42;Tilemap (8)@44:-56;Tilemap (8)@43:-49;Tilemap (8)@66:-41;Tilemap (5)@45:-45;Tilemap (1)@69:-55"
"db74822ae4131ea439ceaaf91307f467","Assets/mapa luiza/Dependencias/Pixel Crawler - Free Pack 2.11/Pixel Crawler - Free Pack/Environment/Structures/Buildings/Interior/gentle forest v03_60.asset","borda e ruina","11","Tilemap (3);Tilemap (4);Tilemap (5);Tilemap (8)","Jardim Luiza, x=44..71, y=-59..-41","Assets/mapa luiza/GardenReplacementTiles/LuizaGarden_060.asset","D2_GardenReplacement_22","Tilemap (3)@50:-59;Tilemap (3)@67:-58;Tilemap (3)@70:-55;Tilemap (3)@70:-54;Tilemap (3)@71:-48;Tilemap (4)@46:-45;Tilemap (8)@45:-56;Tilemap (8)@44:-49;Tilemap (8)@49:-42;Tilemap (8)@67:-41;Tilemap (5)@46:-45"
"caf4f8a15e91a0049b406197d007c629","Assets/mapa luiza/Dependencias/Pixel Crawler - Free Pack 2.11/Pixel Crawler - Free Pack/Environment/Structures/Buildings/Interior/gentle forest v03_61.asset","borda e ruina","10","Tilemap (3);Tilemap (4);Tilemap (5);Tilemap (8)","Jardim Luiza, x=45..72, y=-59..-41","Assets/mapa luiza/GardenReplacementTiles/LuizaGarden_061.asset","D2_GardenReplacement_23","Tilemap (3)@51:-59;Tilemap (3)@68:-58;Tilemap (3)@71:-55;Tilemap (3)@72:-48;Tilemap (4)@47:-45;Tilemap (8)@46:-56;Tilemap (8)@45:-49;Tilemap (8)@50:-42;Tilemap (8)@68:-41;Tilemap (5)@47:-45"
"d4306cb3574fb18488c5513b6449081e","Assets/mapa luiza/Dependencias/Pixel Crawler - Free Pack 2.11/Pixel Crawler - Free Pack/Environment/Structures/Buildings/Interior/gentle forest v03_68.asset","raiz e detalhe de ruina","1","Tilemap (3)","Jardim Luiza, x=63..63, y=-44..-44","Assets/mapa luiza/GardenReplacementTiles/LuizaGarden_068.asset","D2_GardenReplacement_48","Tilemap (3)@63:-44"
"319daf8210bf32442bcebbade972fa28","Assets/mapa luiza/Dependencias/Pixel Crawler - Free Pack 2.11/Pixel Crawler - Free Pack/Environment/Structures/Buildings/Interior/gentle forest v03_69.asset","raiz e detalhe de ruina","1","Tilemap (3)","Jardim Luiza, x=64..64, y=-44..-44","Assets/mapa luiza/GardenReplacementTiles/LuizaGarden_069.asset","D2_GardenReplacement_49","Tilemap (3)@64:-44"
"4949e3e4c20fd5b4aa986f54b4d6c8d4","Assets/mapa luiza/Dependencias/Pixel Crawler - Free Pack 2.11/Pixel Crawler - Free Pack/Environment/Structures/Buildings/Interior/gentle forest v03_70.asset","raiz e detalhe de ruina","1","Tilemap (1)","Jardim Luiza, x=65..65, y=-51..-51","Assets/mapa luiza/GardenReplacementTiles/LuizaGarden_070.asset","D2_GardenReplacement_50","Tilemap (1)@65:-51"
"f9abf3862c81ceb4b963dec4bc4cc433","Assets/mapa luiza/Dependencias/Pixel Crawler - Free Pack 2.11/Pixel Crawler - Free Pack/Environment/Structures/Buildings/Interior/gentle forest v03_71.asset","raiz e detalhe de ruina","1","Tilemap (1)","Jardim Luiza, x=66..66, y=-51..-51","Assets/mapa luiza/GardenReplacementTiles/LuizaGarden_071.asset","D2_GardenReplacement_51","Tilemap (1)@66:-51"
"99d4e355e9fd10943bcc463ef5b3765a","Assets/mapa luiza/Dependencias/Pixel Crawler - Free Pack 2.11/Pixel Crawler - Free Pack/Environment/Structures/Buildings/Interior/gentle forest v03_73.asset","raiz e detalhe de ruina","8","Tilemap (3);Tilemap (4);Tilemap (8)","Jardim Luiza, x=42..69, y=-60..-42","Assets/mapa luiza/GardenReplacementTiles/LuizaGarden_073.asset","D2_GardenReplacement_53","Tilemap (3)@48:-60;Tilemap (3)@65:-59;Tilemap (3)@69:-49;Tilemap (4)@44:-46;Tilemap (4)@47:-43;Tilemap (8)@43:-57;Tilemap (8)@42:-50;Tilemap (8)@65:-42"
"8ead39091625e6f4f9c5370fe43caaed","Assets/mapa luiza/Dependencias/Pixel Crawler - Free Pack 2.11/Pixel Crawler - Free Pack/Environment/Structures/Buildings/Interior/gentle forest v03_74.asset","raiz e detalhe de ruina","11","Tilemap (1);Tilemap (3);Tilemap (4);Tilemap (5);Tilemap (8)","Jardim Luiza, x=43..70, y=-60..-42","Assets/mapa luiza/GardenReplacementTiles/LuizaGarden_074.asset","D2_GardenReplacement_54","Tilemap (3)@49:-60;Tilemap (3)@66:-59;Tilemap (3)@69:-56;Tilemap (3)@70:-49;Tilemap (4)@45:-46;Tilemap (4)@48:-43;Tilemap (8)@44:-57;Tilemap (8)@43:-50;Tilemap (8)@66:-42;Tilemap (5)@45:-46;Tilemap (1)@69:-56"
"eb8c9d3aaf01adf43b3063e48dc29ae2","Assets/mapa luiza/Dependencias/Pixel Crawler - Free Pack 2.11/Pixel Crawler - Free Pack/Environment/Structures/Buildings/Interior/gentle forest v03_75.asset","raiz e detalhe de ruina","9","Tilemap (3);Tilemap (4);Tilemap (5);Tilemap (8)","Jardim Luiza, x=44..71, y=-60..-42","Assets/mapa luiza/GardenReplacementTiles/LuizaGarden_075.asset","D2_GardenReplacement_55","Tilemap (3)@50:-60;Tilemap (3)@67:-59;Tilemap (3)@70:-56;Tilemap (3)@71:-49;Tilemap (4)@46:-46;Tilemap (8)@45:-57;Tilemap (8)@44:-50;Tilemap (8)@67:-42;Tilemap (5)@46:-46"
"b1746533965426448b025ed064107261","Assets/mapa luiza/Dependencias/Pixel Crawler - Free Pack 2.11/Pixel Crawler - Free Pack/Environment/Structures/Buildings/Interior/gentle forest v03_76.asset","raiz e detalhe de ruina","2","Tilemap (8)","Jardim Luiza, x=45..46, y=-57..-50","Assets/mapa luiza/GardenReplacementTiles/LuizaGarden_076.asset","D2_GardenReplacement_56","Tilemap (8)@46:-57;Tilemap (8)@45:-50"
"0a1be6eb3dc1d5c4a94359fb97e784d6","Assets/mapa luiza/Dependencias/Pixel Crawler - Free Pack 2.11/Pixel Crawler - Free Pack/Environment/Structures/Buildings/Interior/gentle forest v03_78.asset","raiz e detalhe de ruina","18","Tilemap (1)","Jardim Luiza, x=45..67, y=-61..-50","Assets/mapa luiza/GardenReplacementTiles/LuizaGarden_078.asset","D2_GardenReplacement_58","Tilemap (1)@54:-61;Tilemap (1)@55:-61;Tilemap (1)@53:-60;Tilemap (1)@64:-55;Tilemap (1)@65:-55;Tilemap (1)@46:-54;Tilemap (1)@47:-54;Tilemap (1)@65:-54;Tilemap (1)@66:-54;Tilemap (1)@45:-53;Tilemap (1)@46:-53;Tilemap (1)@67:-53;Tilemap (1)@52:-51;Tilemap (1)@53:-51;Tilemap (1)@54:-51;Tilemap (1)@58:-51;Tilemap (1)@59:-51;Tilemap (1)@64:-50"
"61a59f07852cbb0489a33ab303520b56","Assets/mapa luiza/Dependencias/Pixel Crawler - Free Pack 2.11/Pixel Crawler - Free Pack/Environment/Structures/Buildings/Interior/gentle forest v03_79.asset","piso principal","297","Tilemap (1);Tilemap (3)","Jardim Luiza, x=44..71, y=-67..-42","Assets/mapa luiza/GardenReplacementTiles/LuizaGarden_079.asset","D2_GardenReplacement_00","Tilemap (3)@71:-51;Tilemap (1)@49:-67;Tilemap (1)@54:-67;Tilemap (1)@55:-67;Tilemap (1)@56:-67;Tilemap (1)@60:-67;Tilemap (1)@61:-67;Tilemap (1)@63:-67;Tilemap (1)@49:-66;Tilemap (1)@50:-66;Tilemap (1)@60:-66;Tilemap (1)@61:-66;Tilemap (1)@62:-66;Tilemap (1)@63:-66;Tilemap (1)@49:-65;Tilemap (1)@50:-65;Tilemap (1)@53:-65;Tilemap (1)@63:-65;Tilemap (1)@64:-65;Tilemap (1)@49:-64;Tilemap (1)@50:-64;Tilemap (1)@53:-64;Tilemap (1)@64:-64;Tilemap (1)@49:-63;Tilemap (1)@52:-63;Tilemap (1)@53:-63;Tilemap (1)@54:-63;Tilemap (1)@55:-63;Tilemap (1)@64:-63;Tilemap (1)@49:-62;Tilemap (1)@51:-62;Tilemap (1)@52:-62;Tilemap (1)@64:-62;Tilemap (1)@49:-61;Tilemap (1)@50:-61;Tilemap (1)@51:-61;Tilemap (1)@56:-61;Tilemap (1)@57:-61;Tilemap (1)@63:-61;Tilemap (1)@64:-61;Tilemap (1)@49:-60;Tilemap (1)@50:-60;Tilemap (1)@54:-60;Tilemap (1)@55:-60;Tilemap (1)@56:-60;Tilemap (1)@59:-60;Tilemap (1)@60:-60;Tilemap (1)@49:-59;Tilemap (1)@50:-59;Tilemap (1)@55:-59;Tilemap (1)@56:-59;Tilemap (1)@63:-59;Tilemap (1)@64:-59;Tilemap (1)@65:-59;Tilemap (1)@47:-58;Tilemap (1)@48:-58;Tilemap (1)@49:-58;Tilemap (1)@50:-58;Tilemap (1)@51:-58;Tilemap (1)@52:-58;Tilemap (1)@53:-58;Tilemap (1)@54:-58;Tilemap (1)@55:-58;Tilemap (1)@57:-58;Tilemap (1)@58:-58;Tilemap (1)@59:-58;Tilemap (1)@63:-58;Tilemap (1)@64:-58;Tilemap (1)@65:-58;Tilemap (1)@66:-58;Tilemap (1)@46:-57;Tilemap (1)@47:-57;Tilemap (1)@48:-57;Tilemap (1)@49:-57;Tilemap (1)@51:-57;Tilemap (1)@52:-57;Tilemap (1)@53:-57;Tilemap (1)@54:-57;Tilemap (1)@55:-57;Tilemap (1)@56:-57;Tilemap (1)@57:-57;Tilemap (1)@58:-57;Tilemap (1)@59:-57;Tilemap (1)@63:-57;Tilemap (1)@64:-57;Tilemap (1)@65:-57;Tilemap (1)@66:-57;Tilemap (1)@67:-57;Tilemap (1)@46:-56;Tilemap (1)@48:-56;Tilemap (1)@49:-56;Tilemap (1)@50:-56;Tilemap (1)@51:-56;Tilemap (1)@53:-56;Tilemap (1)@54:-56;Tilemap (1)@55:-56;Tilemap (1)@56:-56;Tilemap (1)@57:-56;Tilemap (1)@58:-56;Tilemap (1)@59:-56;Tilemap (1)@60:-56;Tilemap (1)@61:-56;Tilemap (1)@63:-56;Tilemap (1)@64:-56;Tilemap (1)@65:-56;Tilemap (1)@66:-56;Tilemap (1)@67:-56;Tilemap (1)@45:-55;Tilemap (1)@46:-55;Tilemap (1)@47:-55;Tilemap (1)@48:-55;Tilemap (1)@49:-55;Tilemap (1)@50:-55;Tilemap (1)@51:-55;Tilemap (1)@53:-55;Tilemap (1)@54:-55;Tilemap (1)@55:-55;Tilemap (1)@56:-55;Tilemap (1)@57:-55;Tilemap (1)@58:-55;Tilemap (1)@59:-55;Tilemap (1)@61:-55;Tilemap (1)@63:-55;Tilemap (1)@66:-55;Tilemap (1)@67:-55;Tilemap (1)@44:-54;Tilemap (1)@45:-54;Tilemap (1)@48:-54;Tilemap (1)@49:-54;Tilemap (1)@50:-54;Tilemap (1)@51:-54;Tilemap (1)@52:-54;Tilemap (1)@53:-54;Tilemap (1)@54:-54;Tilemap (1)@55:-54;Tilemap (1)@56:-54;Tilemap (1)@57:-54;Tilemap (1)@58:-54;Tilemap (1)@59:-54;Tilemap (1)@60:-54;Tilemap (1)@61:-54;Tilemap (1)@62:-54;Tilemap (1)@63:-54;Tilemap (1)@64:-54;Tilemap (1)@69:-54;Tilemap (1)@44:-53;Tilemap (1)@47:-53;Tilemap (1)@48:-53;Tilemap (1)@49:-53;Tilemap (1)@50:-53;Tilemap (1)@51:-53;Tilemap (1)@52:-53;Tilemap (1)@53:-53;Tilemap (1)@54:-53;Tilemap (1)@55:-53;Tilemap (1)@56:-53;Tilemap (1)@57:-53;Tilemap (1)@58:-53;Tilemap (1)@59:-53;Tilemap (1)@60:-53;Tilemap (1)@61:-53;Tilemap (1)@62:-53;Tilemap (1)@63:-53;Tilemap (1)@66:-53;Tilemap (1)@68:-53;Tilemap (1)@69:-53;Tilemap (1)@44:-52;Tilemap (1)@45:-52;Tilemap (1)@50:-52;Tilemap (1)@51:-52;Tilemap (1)@52:-52;Tilemap (1)@56:-52;Tilemap (1)@57:-52;Tilemap (1)@59:-52;Tilemap (1)@60:-52;Tilemap (1)@61:-52;Tilemap (1)@62:-52;Tilemap (1)@66:-52;Tilemap (1)@67:-52;Tilemap (1)@68:-52;Tilemap (1)@44:-51;Tilemap (1)@45:-51;Tilemap (1)@46:-51;Tilemap (1)@47:-51;Tilemap (1)@48:-51;Tilemap (1)@49:-51;Tilemap (1)@50:-51;Tilemap (1)@60:-51;Tilemap (1)@61:-51;Tilemap (1)@67:-51;Tilemap (1)@44:-50;Tilemap (1)@45:-50;Tilemap (1)@46:-50;Tilemap (1)@49:-50;Tilemap (1)@53:-50;Tilemap (1)@54:-50;Tilemap (1)@55:-50;Tilemap (1)@56:-50;Tilemap (1)@57:-50;Tilemap (1)@58:-50;Tilemap (1)@59:-50;Tilemap (1)@60:-50;Tilemap (1)@44:-49;Tilemap (1)@45:-49;Tilemap (1)@46:-49;Tilemap (1)@47:-49;Tilemap (1)@52:-49;Tilemap (1)@53:-49;Tilemap (1)@54:-49;Tilemap (1)@55:-49;Tilemap (1)@56:-49;Tilemap (1)@57:-49;Tilemap (1)@58:-49;Tilemap (1)@59:-49;Tilemap (1)@65:-49;Tilemap (1)@44:-48;Tilemap (1)@45:-48;Tilemap (1)@46:-48;Tilemap (1)@47:-48;Tilemap (1)@49:-48;Tilemap (1)@50:-48;Tilemap (1)@51:-48;Tilemap (1)@52:-48;Tilemap (1)@53:-48;Tilemap (1)@54:-48;Tilemap (1)@55:-48;Tilemap (1)@56:-48;Tilemap (1)@58:-48;Tilemap (1)@62:-48;Tilemap (1)@65:-48;Tilemap (1)@67:-48;Tilemap (1)@68:-48;Tilemap (1)@69:-48;Tilemap (1)@47:-47;Tilemap (1)@48:-47;Tilemap (1)@57:-47;Tilemap (1)@58:-47;Tilemap (1)@59:-47;Tilemap (1)@60:-47;Tilemap (1)@61:-47;Tilemap (1)@62:-47;Tilemap (1)@63:-47;Tilemap (1)@64:-47;Tilemap (1)@65:-47;Tilemap (1)@66:-47;Tilemap (1)@47:-46;Tilemap (1)@48:-46;Tilemap (1)@49:-46;Tilemap (1)@50:-46;Tilemap (1)@59:-46;Tilemap (1)@60:-46;Tilemap (1)@61:-46;Tilemap (1)@63:-46;Tilemap (1)@64:-46;Tilemap (1)@65:-46;Tilemap (1)@66:-46;Tilemap (1)@47:-45;Tilemap (1)@48:-45;Tilemap (1)@49:-45;Tilemap (1)@50:-45;Tilemap (1)@51:-45;Tilemap (1)@52:-45;Tilemap (1)@53:-45;Tilemap (1)@54:-45;Tilemap (1)@55:-45;Tilemap (1)@56:-45;Tilemap (1)@57:-45;Tilemap (1)@58:-45;Tilemap (1)@59:-45;Tilemap (1)@60:-45;Tilemap (1)@61:-45;Tilemap (1)@62:-45;Tilemap (1)@63:-45;Tilemap (1)@64:-45;Tilemap (1)@65:-45;Tilemap (1)@66:-45;Tilemap (1)@51:-44;Tilemap (1)@52:-44;Tilemap (1)@53:-44;Tilemap (1)@54:-44;Tilemap (1)@58:-44;Tilemap (1)@59:-44;Tilemap (1)@60:-44;Tilemap (1)@61:-44;Tilemap (1)@62:-44;Tilemap (1)@63:-44;Tilemap (1)@53:-43;Tilemap (1)@54:-43;Tilemap (1)@55:-43;Tilemap (1)@56:-43;Tilemap (1)@57:-43;Tilemap (1)@59:-43;Tilemap (1)@60:-43;Tilemap (1)@53:-42;Tilemap (1)@54:-42;Tilemap (1)@58:-42;Tilemap (1)@60:-42"
"3fa024b6ff6f3074299ae4b205872a21","Assets/mapa luiza/Dependencias/Pixel Crawler - Free Pack 2.11/Pixel Crawler - Free Pack/Environment/Structures/Buildings/Interior/gentle forest v03_85.asset","vegetacao, raiz e ruina","3","Tilemap (1)","Jardim Luiza, x=47..64, y=-60..-48","Assets/mapa luiza/GardenReplacementTiles/LuizaGarden_085.asset","D2_GardenReplacement_40","Tilemap (1)@64:-60;Tilemap (1)@47:-52;Tilemap (1)@57:-48"
"200c18df155c192498f6325123b5e0a1","Assets/mapa luiza/Dependencias/Pixel Crawler - Free Pack 2.11/Pixel Crawler - Free Pack/Environment/Structures/Buildings/Interior/gentle forest v03_86.asset","vegetacao, raiz e ruina","3","Tilemap (1)","Jardim Luiza, x=47..64, y=-56..-48","Assets/mapa luiza/GardenReplacementTiles/LuizaGarden_086.asset","D2_GardenReplacement_41","Tilemap (1)@47:-56;Tilemap (1)@60:-55;Tilemap (1)@64:-48"
"a29bce6b93ed06243bc76f743d79dc01","Assets/mapa luiza/Dependencias/Pixel Crawler - Free Pack 2.11/Pixel Crawler - Free Pack/Environment/Structures/Buildings/Interior/gentle forest v03_87.asset","vegetacao, raiz e ruina","7","Tilemap (1)","Jardim Luiza, x=49..65, y=-59..-43","Assets/mapa luiza/GardenReplacementTiles/LuizaGarden_087.asset","D2_GardenReplacement_42","Tilemap (1)@53:-59;Tilemap (1)@62:-59;Tilemap (1)@49:-52;Tilemap (1)@65:-52;Tilemap (1)@54:-46;Tilemap (1)@62:-46;Tilemap (1)@58:-43"
"cb3ab87b2b862e6479e789b17082ce2f","Assets/mapa luiza/Dependencias/Pixel Crawler - Free Pack 2.11/Pixel Crawler - Free Pack/Environment/Structures/Buildings/Interior/gentle forest v03_88.asset","vegetacao, raiz e ruina","8","Tilemap (3);Tilemap (4);Tilemap (8)","Jardim Luiza, x=42..69, y=-61..-43","Assets/mapa luiza/GardenReplacementTiles/LuizaGarden_088.asset","D2_GardenReplacement_43","Tilemap (3)@48:-61;Tilemap (3)@65:-60;Tilemap (3)@69:-50;Tilemap (4)@44:-47;Tilemap (4)@47:-44;Tilemap (8)@43:-58;Tilemap (8)@42:-51;Tilemap (8)@65:-43"
"1f8110c89fe634247b2fae8f0094dbe8","Assets/mapa luiza/Dependencias/Pixel Crawler - Free Pack 2.11/Pixel Crawler - Free Pack/Environment/Structures/Buildings/Interior/gentle forest v03_89.asset","vegetacao, raiz e ruina","10","Tilemap (1);Tilemap (3);Tilemap (4);Tilemap (8)","Jardim Luiza, x=43..70, y=-61..-43","Assets/mapa luiza/GardenReplacementTiles/LuizaGarden_089.asset","D2_GardenReplacement_44","Tilemap (3)@49:-61;Tilemap (3)@66:-60;Tilemap (3)@69:-57;Tilemap (3)@70:-50;Tilemap (4)@45:-47;Tilemap (4)@48:-44;Tilemap (8)@44:-58;Tilemap (8)@43:-51;Tilemap (8)@66:-43;Tilemap (1)@69:-57"
"e67888a6bb26f774fa956d2a2b38aa42","Assets/mapa luiza/Dependencias/Pixel Crawler - Free Pack 2.11/Pixel Crawler - Free Pack/Environment/Structures/Buildings/Interior/gentle forest v03_90.asset","vegetacao, raiz e ruina","9","Tilemap (3);Tilemap (4);Tilemap (5);Tilemap (8)","Jardim Luiza, x=44..71, y=-61..-43","Assets/mapa luiza/GardenReplacementTiles/LuizaGarden_090.asset","D2_GardenReplacement_45","Tilemap (3)@50:-61;Tilemap (3)@67:-60;Tilemap (3)@71:-50;Tilemap (4)@46:-47;Tilemap (4)@49:-44;Tilemap (8)@45:-58;Tilemap (8)@44:-51;Tilemap (8)@67:-43;Tilemap (5)@46:-47"
"ac77e56f0bf563f46bb6ea8dc8a7a3b3","Assets/mapa luiza/Dependencias/Pixel Crawler - Free Pack 2.11/Pixel Crawler - Free Pack/Environment/Structures/Buildings/Interior/gentle forest v03_92.asset","piso de pedra","86","Tilemap (1)","Jardim Luiza, x=49..69, y=-66..-42","Assets/mapa luiza/GardenReplacementTiles/LuizaGarden_092.asset","D2_GardenReplacement_01","Tilemap (1)@51:-66;Tilemap (1)@54:-66;Tilemap (1)@55:-66;Tilemap (1)@64:-66;Tilemap (1)@65:-66;Tilemap (1)@61:-65;Tilemap (1)@62:-65;Tilemap (1)@65:-65;Tilemap (1)@54:-64;Tilemap (1)@55:-64;Tilemap (1)@56:-64;Tilemap (1)@59:-64;Tilemap (1)@62:-64;Tilemap (1)@63:-64;Tilemap (1)@65:-64;Tilemap (1)@50:-63;Tilemap (1)@56:-63;Tilemap (1)@58:-63;Tilemap (1)@59:-63;Tilemap (1)@61:-63;Tilemap (1)@63:-63;Tilemap (1)@65:-63;Tilemap (1)@50:-62;Tilemap (1)@61:-62;Tilemap (1)@65:-62;Tilemap (1)@52:-61;Tilemap (1)@53:-61;Tilemap (1)@58:-61;Tilemap (1)@59:-61;Tilemap (1)@60:-61;Tilemap (1)@65:-61;Tilemap (1)@51:-60;Tilemap (1)@52:-60;Tilemap (1)@57:-60;Tilemap (1)@58:-60;Tilemap (1)@62:-60;Tilemap (1)@63:-60;Tilemap (1)@52:-59;Tilemap (1)@54:-59;Tilemap (1)@57:-59;Tilemap (1)@58:-59;Tilemap (1)@59:-59;Tilemap (1)@60:-59;Tilemap (1)@60:-58;Tilemap (1)@61:-58;Tilemap (1)@62:-58;Tilemap (1)@62:-57;Tilemap (1)@65:-53;Tilemap (1)@53:-52;Tilemap (1)@54:-52;Tilemap (1)@55:-52;Tilemap (1)@63:-52;Tilemap (1)@64:-52;Tilemap (1)@55:-51;Tilemap (1)@56:-51;Tilemap (1)@63:-51;Tilemap (1)@68:-51;Tilemap (1)@69:-51;Tilemap (1)@50:-50;Tilemap (1)@51:-50;Tilemap (1)@52:-50;Tilemap (1)@61:-50;Tilemap (1)@62:-50;Tilemap (1)@63:-50;Tilemap (1)@68:-50;Tilemap (1)@69:-50;Tilemap (1)@49:-49;Tilemap (1)@50:-49;Tilemap (1)@63:-49;Tilemap (1)@66:-49;Tilemap (1)@67:-49;Tilemap (1)@68:-49;Tilemap (1)@69:-49;Tilemap (1)@63:-48;Tilemap (1)@66:-48;Tilemap (1)@49:-47;Tilemap (1)@50:-47;Tilemap (1)@51:-47;Tilemap (1)@51:-46;Tilemap (1)@55:-46;Tilemap (1)@56:-46;Tilemap (1)@56:-44;Tilemap (1)@57:-44;Tilemap (1)@55:-42;Tilemap (1)@56:-42;Tilemap (1)@57:-42"
"3c1f56021f8377b4689a7cf18539ad72","Assets/mapa luiza/Dependencias/Pixel Crawler - Free Pack 2.11/Pixel Crawler - Free Pack/Environment/Structures/Buildings/Interior/gentle forest v03_93.asset","variante de piso","87","Tilemap;Tilemap (1)","Jardim Luiza, x=43..71, y=-67..-42","Assets/mapa luiza/GardenReplacementTiles/LuizaGarden_093.asset","D2_GardenReplacement_03","Tilemap@45:-57;Tilemap@44:-56;Tilemap@43:-54;Tilemap@43:-52;Tilemap@71:-49;Tilemap@68:-45;Tilemap (1)@50:-67;Tilemap (1)@51:-67;Tilemap (1)@52:-67;Tilemap (1)@53:-67;Tilemap (1)@57:-67;Tilemap (1)@58:-67;Tilemap (1)@59:-67;Tilemap (1)@62:-67;Tilemap (1)@64:-67;Tilemap (1)@65:-67;Tilemap (1)@52:-66;Tilemap (1)@53:-66;Tilemap (1)@56:-66;Tilemap (1)@57:-66;Tilemap (1)@58:-66;Tilemap (1)@59:-66;Tilemap (1)@51:-65;Tilemap (1)@52:-65;Tilemap (1)@54:-65;Tilemap (1)@55:-65;Tilemap (1)@56:-65;Tilemap (1)@57:-65;Tilemap (1)@58:-65;Tilemap (1)@59:-65;Tilemap (1)@60:-65;Tilemap (1)@51:-64;Tilemap (1)@52:-64;Tilemap (1)@57:-64;Tilemap (1)@58:-64;Tilemap (1)@60:-64;Tilemap (1)@61:-64;Tilemap (1)@51:-63;Tilemap (1)@57:-63;Tilemap (1)@60:-63;Tilemap (1)@62:-63;Tilemap (1)@53:-62;Tilemap (1)@54:-62;Tilemap (1)@55:-62;Tilemap (1)@56:-62;Tilemap (1)@57:-62;Tilemap (1)@58:-62;Tilemap (1)@59:-62;Tilemap (1)@60:-62;Tilemap (1)@62:-62;Tilemap (1)@63:-62;Tilemap (1)@61:-60;Tilemap (1)@51:-59;Tilemap (1)@61:-59;Tilemap (1)@60:-57;Tilemap (1)@61:-57;Tilemap (1)@45:-56;Tilemap (1)@62:-56;Tilemap (1)@44:-55;Tilemap (1)@52:-55;Tilemap (1)@62:-55;Tilemap (1)@48:-52;Tilemap (1)@51:-51;Tilemap (1)@62:-51;Tilemap (1)@64:-51;Tilemap (1)@48:-50;Tilemap (1)@48:-49;Tilemap (1)@51:-49;Tilemap (1)@60:-49;Tilemap (1)@61:-49;Tilemap (1)@62:-49;Tilemap (1)@64:-49;Tilemap (1)@59:-48;Tilemap (1)@60:-48;Tilemap (1)@61:-48;Tilemap (1)@52:-47;Tilemap (1)@53:-47;Tilemap (1)@54:-47;Tilemap (1)@55:-47;Tilemap (1)@56:-47;Tilemap (1)@67:-47;Tilemap (1)@53:-46;Tilemap (1)@57:-46;Tilemap (1)@58:-46;Tilemap (1)@67:-45;Tilemap (1)@66:-44;Tilemap (1)@49:-42"
"387fe85c6ac235744b3e1e220c4822fb","Assets/mapa luiza/Dependencias/Pixel Crawler - Free Pack 2.11/Pixel Crawler - Free Pack/Environment/Structures/Buildings/Interior/gentle forest v03_99.asset","vegetacao, raiz e ruina","1","Tilemap (1)","Jardim Luiza, x=50..50, y=-57..-57","Assets/mapa luiza/GardenReplacementTiles/LuizaGarden_099.asset","D2_GardenReplacement_54","Tilemap (1)@50:-57"
"5c7a16d5d7800594081903f09cb105ba","Assets/mapa luiza/Dependencias/Pixel Crawler - Free Pack 2.11/Pixel Crawler - Free Pack/Environment/Structures/Buildings/Interior/gentle forest v03_100.asset","vegetacao, raiz e ruina","4","Tilemap (1)","Jardim Luiza, x=52..64, y=-53..-42","Assets/mapa luiza/GardenReplacementTiles/LuizaGarden_100.asset","D2_GardenReplacement_55","Tilemap (1)@64:-53;Tilemap (1)@57:-51;Tilemap (1)@52:-46;Tilemap (1)@59:-42"
"6a139e85ea927e94ba38eb797bf2f1db","Assets/mapa luiza/Dependencias/Pixel Crawler - Free Pack 2.11/Pixel Crawler - Free Pack/Environment/Structures/Buildings/Interior/gentle forest v03_101.asset","vegetacao, raiz e ruina","5","Tilemap (1)","Jardim Luiza, x=47..70, y=-61..-50","Assets/mapa luiza/GardenReplacementTiles/LuizaGarden_101.asset","D2_GardenReplacement_56","Tilemap (1)@62:-61;Tilemap (1)@52:-56;Tilemap (1)@69:-52;Tilemap (1)@70:-51;Tilemap (1)@47:-50"
